Designator,Mid X,Mid Y,Layer,Rotation
C1,10.16,15.08,Top,90.0
C2,26.04,15.08,Top,270.0
C3,60.96,15.08,Top,90.0
C4,76.84,15.08,Top,270.0
C5,34.29,15.08,Top,90.0
C6,51.12,15.08,Top,270.0
C7, 8.89,31.59,Top,90.0
C8,11.43,31.59,Top,90.0
C9,29.21,31.59,Top,90.0
C10,31.75,31.59,Top,90.0
C11,50.16,31.59,Top,90.0
C12,51.44,31.59,Top,90.0
C13,10.16, 8.73,Top,270.0
C14,60.96, 8.73,Top,270.0
C15,35.56, 8.73,Top,270.0
C16,70.48,31.59,Top,90.0
C17,72.07,31.59,Top,90.0
C18, 8.57,15.08,Top,90.0
C19,27.30,15.08,Top,90.0
C20,58.42,23.18,Top,270.0
C21,55.88, 8.73,Top,270.0
C22,78.11,15.08,Top,90.0
C23,28.73,25.72,Top,0.0
C24,48.26,21.59,Top,0.0
C25,48.26,25.08,Top,0.0
C26,55.88,21.59,Top,180.0
C27,55.88,25.08,Top,180.0
DA1,43.18,15.08,Top,0.0
DA2,17.78,15.08,Top,0.0
DA3,68.58,15.08,Top,0.0
IC1,36.51,23.34,Top,0.0
IC2,55.88,15.08,Top,180.0
IC3, 5.71,15.08,Top,90.0
IC4,52.07,23.34,Top,0.0
IC5,30.48,15.08,Top,90.0
IC6,80.65,15.08,Top,90.0
IC8,11.43,31.59,Top,0.0
IC9,31.75,31.59,Top,0.0
IC10,52.07,31.59,Top,0.0
IC11,72.39,31.59,Top,0.0
R1,14.57,21.59,Top,0.0
R2,13.97, 8.73,Top,90.0
R3,12.70, 8.73,Top,90.0
R4,11.43, 8.73,Top,90.0
R5,21.59, 8.73,Top,90.0
R6,22.86, 8.73,Top,90.0
R7,24.13, 8.73,Top,90.0
R8,21.59,15.08,Top,90.0
R9,22.86,15.08,Top,90.0
R10,24.13,15.08,Top,90.0
R11,13.97,15.08,Top,90.0
R12,12.70,15.08,Top,90.0
R13,11.43,15.08,Top,90.0
R14,66.99, 8.73,Top,90.0
R15,65.72, 8.73,Top,90.0
R16,62.23, 8.73,Top,90.0
R17,72.39, 8.73,Top,90.0
R18,73.66, 8.73,Top,90.0
R19,74.93, 8.73,Top,90.0
R20,72.39,15.08,Top,90.0
R21,73.66,15.08,Top,90.0
R22,74.93,15.08,Top,90.0
R23,64.77,15.08,Top,90.0
R24,63.50,15.08,Top,90.0
R25,62.23,15.08,Top,90.0
R26,40.64, 8.73,Top,90.0
R27,39.37, 8.73,Top,90.0
R28,36.83, 8.73,Top,90.0
R29,46.51, 8.73,Top,90.0
R30,47.63, 8.73,Top,90.0
R31,49.53, 8.73,Top,90.0
R32,45.40,15.08,Top,90.0
R33,46.51,15.08,Top,90.0
R34,48.10,15.08,Top,90.0
R35,39.37,15.08,Top,90.0
R36,38.10,15.08,Top,90.0
R37,36.83,15.08,Top,90.0
R38, 8.89, 8.73,Top,90.0
R39,59.69, 8.73,Top,90.0
R40,34.29, 8.73,Top,90.0
R41, 5.71,10.32,Top,0.0
R42,29.21,10.48,Top,0.0
R43,29.37,19.21,Top,0.0
R44, 5.71,19.84,Top,0.0
R45,57.15, 8.73,Top,90.0
R46,80.65,10.16,Top,180.0
R47,80.65,20.16,Top,180.0
R48,55.88,19.37,Top,180.0
R49,41.91,15.08,Top,270.0
R50,54.61, 8.73,Top,90.0
R51,41.91, 8.73,Top,270.0
R52,52.39,15.08,Top,90.0
R53,17.78,30.64,Top,0.0
R54,17.78,32.54,Top,0.0
R55,38.10,30.64,Top,0.0
R56,38.10,32.54,Top,0.0
R57,25.40,30.64,Top,180.0
R58,25.40,32.54,Top,180.0
R59, 5.08,30.64,Top,180.0
R60, 5.08,32.54,Top,180.0
R61,59.37,30.64,Top,180.0
R62,59.37,32.54,Top,180.0
R63,78.74,30.64,Top,0.0
R64,78.74,32.54,Top,0.0
R65,66.04,30.64,Top,180.0
R66,66.04,32.54,Top,180.0
R67,45.72,30.64,Top,0.0
R68,45.72,32.54,Top,0.0
R69,44.45, 8.73,Top,270.0
R70,63.98, 7.78,Top,90.0
R73,54.29,30.32,Top,0.0
R74,54.29,32.86,Top,0.0
R75,74.93,30.32,Top,0.0
R76,74.93,32.86,Top,0.0
R77,34.29,31.59,Top,270.0
R78,33.02,31.59,Top,270.0
R79,48.26,20.48,Top,0.0
R80,48.26,26.19,Top,0.0
R81,55.88,20.48,Top,180.0
R82,55.88,26.19,Top,180.0
U$2,63.50, 3.02,Top,0.0
U$3,20.32, 3.02,Top,0.0
